prenom,nom,email,telephone,administrateur,actif,pseudo,campus_id,password,randomInt,randomTel
Hyacinthe,Olympium,Hyacinthe.Olympium94@gmail.com,0619651435,0,1,Hyacinthe.le.bg.du.94,1,Azerty0!94,94,19651435
Marsiella,LaRue,Marsiella.LaRue49@gmail.com,0696294646,0,1,Marsiella.le.bg.du.49,4,Azerty0!49,49,96294646
Jerry,Marisa,Jerry.Marisa39@gmail.com,0678236331,0,1,Jerry.le.bg.du.39,5,Azerty0!39,39,78236331
Pollyanna,Tamar,Pollyanna.Tamar11@gmail.com,0658079488,0,1,Pollyanna.le.bg.du.11,4,Azerty0!11,11,58079488
Lonnie,Amadas,Lonnie.Amadas67@gmail.com,0615984656,0,1,Lonnie.le.bg.du.67,7,Azerty0!67,67,15984656
Pierette,Brieta,Pierette.Brieta74@gmail.com,0655939303,0,1,Pierette.le.bg.du.74,1,Azerty0!74,74,55939303
Phedra,Bigner,Phedra.Bigner5@gmail.com,0657069591,0,1,Phedra.le.bg.du.5,4,Azerty0!5,5,57069591
Maisey,Gordon,Maisey.Gordon66@gmail.com,0682434139,0,1,Maisey.le.bg.du.66,2,Azerty0!66,66,82434139
Joceline,Sherrie,Joceline.Sherrie60@gmail.com,0676174733,0,1,Joceline.le.bg.du.60,1,Azerty0!60,60,76174733
Sue,Carmena,Sue.Carmena88@gmail.com,0634544247,0,1,Sue.le.bg.du.88,1,Azerty0!88,88,34544247
Trudie,Blase,Trudie.Blase5@gmail.com,0617668478,0,1,Trudie.le.bg.du.5,7,Azerty0!5,5,17668478
Gwyneth,Sidonius,Gwyneth.Sidonius9@gmail.com,0693475671,0,1,Gwyneth.le.bg.du.9,4,Azerty0!9,9,93475671
Luci,Allare,Luci.Allare66@gmail.com,0624204310,0,1,Luci.le.bg.du.66,2,Azerty0!66,66,24204310
Marcy,Darrell,Marcy.Darrell35@gmail.com,0647761569,0,1,Marcy.le.bg.du.35,3,Azerty0!35,35,47761569
Dagmar,Rodmann,Dagmar.Rodmann44@gmail.com,0695782936,0,1,Dagmar.le.bg.du.44,5,Azerty0!44,44,95782936
Marleah,Philipp,Marleah.Philipp29@gmail.com,0638697279,0,1,Marleah.le.bg.du.29,3,Azerty0!29,29,38697279
Addia,Cecile,Addia.Cecile5@gmail.com,0643672402,0,1,Addia.le.bg.du.5,1,Azerty0!5,5,43672402
Krystle,Gordon,Krystle.Gordon19@gmail.com,0629817562,0,1,Krystle.le.bg.du.19,6,Azerty0!19,19,29817562
Claresta,Linehan,Claresta.Linehan48@gmail.com,0665959744,0,1,Claresta.le.bg.du.48,6,Azerty0!48,48,65959744
Inga,Olnee,Inga.Olnee51@gmail.com,0677805758,0,1,Inga.le.bg.du.51,4,Azerty0!51,51,77805758
Antonietta,Krystle,Antonietta.Krystle11@gmail.com,0638471969,0,1,Antonietta.le.bg.du.11,6,Azerty0!11,11,38471969
Shaine,Cassius,Shaine.Cassius52@gmail.com,0649594687,0,1,Shaine.le.bg.du.52,5,Azerty0!52,52,49594687
Lizzie,Bivins,Lizzie.Bivins4@gmail.com,0647303081,0,1,Lizzie.le.bg.du.4,2,Azerty0!4,4,47303081
Melodie,Havens,Melodie.Havens68@gmail.com,0612425178,0,1,Melodie.le.bg.du.68,2,Azerty0!68,68,12425178
Teddie,Ruvolo,Teddie.Ruvolo4@gmail.com,0611511952,0,1,Teddie.le.bg.du.4,2,Azerty0!4,4,11511952
Leona,Lia,Leona.Lia65@gmail.com,0632670770,0,1,Leona.le.bg.du.65,1,Azerty0!65,65,32670770
Dolli,Valerio,Dolli.Valerio19@gmail.com,0672180699,0,1,Dolli.le.bg.du.19,6,Azerty0!19,19,72180699
Siana,Ashely,Siana.Ashely49@gmail.com,0640379092,0,1,Siana.le.bg.du.49,4,Azerty0!49,49,40379092
Lanae,Euridice,Lanae.Euridice36@gmail.com,0685984776,0,1,Lanae.le.bg.du.36,7,Azerty0!36,36,85984776
Shaine,Lubin,Shaine.Lubin16@gmail.com,0676028597,0,1,Shaine.le.bg.du.16,6,Azerty0!16,16,76028597
